Time , distance to gimi, isGimiVisable
8/10/2020 2:57:53 PM , 1.125739,False
8/10/2020 2:57:54 PM , 1.125739,False
8/10/2020 2:57:55 PM , 1.125739,False
8/10/2020 2:57:56 PM , 1.125739,False
8/10/2020 2:57:57 PM , 1.125739,False
8/10/2020 2:57:58 PM , 1.125739,False
8/10/2020 2:57:59 PM , 1.125739,False
8/10/2020 2:58:00 PM , 1.125739,False
