Time , distance to gimi, isGimiVisable
8/12/2020 3:51:15 PM , 1.208587,False
8/12/2020 3:51:16 PM , 1.208587,False
8/12/2020 3:51:17 PM , 1.208587,False
8/12/2020 3:51:19 PM , 1.208587,False
8/12/2020 3:51:20 PM , 1.208587,False
8/12/2020 3:51:21 PM , 1.208587,False
8/12/2020 3:51:22 PM , 1.208587,False
