Time , distance to gimi, isGimiVisable
7/28/2020 6:59:47 PM , 2.226553,True
7/28/2020 6:59:48 PM , 2.226553,True
7/28/2020 6:59:49 PM , 2.226553,True
