Time , distance to gimi, isGimiVisable
7/28/2020 7:24:26 PM , 2.215973,True
7/28/2020 7:24:27 PM , 2.215973,True
7/28/2020 7:24:28 PM , 2.215973,True
