Time , distance to gimi, isGimiVisable
7/31/2020 5:01:59 PM , 0.2121057,True
7/31/2020 5:02:00 PM , 0.2121057,True
7/31/2020 5:02:01 PM , 0.2121057,True
7/31/2020 5:02:02 PM , 0.2121057,True
7/31/2020 5:02:03 PM , 0.2121057,True
7/31/2020 5:02:04 PM , 0.2121057,True
7/31/2020 5:02:05 PM , 0.2121057,True
